{
    "evaluations": [
        {
            "P@K": 0.22000000000000003
        },
        {
            "R@K": 0.22000000000000003
        }
    ]
}